{
  "Query 1 (BASE AGREGACION)": [
    {
      "query_name": "Query 1 (BASE AGREGACION)",
      "engine": "postgres",
      "status": "success",
      "mean": 2.1727835655212404,
      "std": 0.2743164383170109,
      "min": 1.906430959701538,
      "max": 2.540186882019043,
      "median": 1.9794859886169434,
      "times": [
        2.540186882019043,
        2.4725799560546875,
        1.9794859886169434,
        1.906430959701538,
        1.9652340412139893
      ],
      "iterations": 5,
      "errors": 0
    },
    {
      "query_name": "Query 1 (BASE AGREGACION)",
      "engine": "spark",
      "status": "success",
      "mean": 0.8849488735198975,
      "std": 0.4801388434469724,
      "min": 0.5419950485229492,
      "max": 1.795867919921875,
      "median": 0.5812520980834961,
      "times": [
        1.795867919921875,
        0.9504570960998535,
        0.5812520980834961,
        0.5419950485229492,
        0.5551722049713135
      ],
      "iterations": 5,
      "errors": 0
    }
  ],
  "Query 2 (BASE COMPLEX)": [
    {
      "query_name": "Query 2 (BASE COMPLEX)",
      "engine": "postgres",
      "status": "success",
      "mean": 2.4233978748321534,
      "std": 1.4795255675379035,
      "min": 1.554661750793457,
      "max": 5.3750786781311035,
      "median": 1.7189397811889648,
      "times": [
        5.3750786781311035,
        1.7189397811889648,
        1.554661750793457,
        1.8596210479736328,
        1.6086881160736084
      ],
      "iterations": 5,
      "errors": 0
    },
    {
      "query_name": "Query 2 (BASE COMPLEX)",
      "engine": "spark",
      "status": "success",
      "mean": 3.0385912895202636,
      "std": 0.6986885827569957,
      "min": 2.4550299644470215,
      "max": 4.343961238861084,
      "median": 2.6660590171813965,
      "times": [
        4.343961238861084,
        3.177415132522583,
        2.5504910945892334,
        2.4550299644470215,
        2.6660590171813965
      ],
      "iterations": 5,
      "errors": 0
    }
  ],
  "Query 1 GPT-5 (PG)": [
    {
      "query_name": "Query 1 GPT-5 (PG)",
      "engine": "postgres",
      "status": "success",
      "mean": 1.1301023006439208,
      "std": 0.4583355311408163,
      "min": 0.5358567237854004,
      "max": 1.6495797634124756,
      "median": 1.360901117324829,
      "times": [
        1.6495797634124756,
        1.4774878025054932,
        1.360901117324829,
        0.6266860961914062,
        0.5358567237854004
      ],
      "iterations": 5,
      "errors": 0
    }
  ],
  "Query 2 GPT-5 (PG)": [
    {
      "query_name": "Query 2 GPT-5 (PG)",
      "engine": "postgres",
      "status": "success",
      "mean": 0.9619874477386474,
      "std": 0.16962986203953806,
      "min": 0.8496239185333252,
      "max": 1.288572072982788,
      "median": 0.8527429103851318,
      "times": [
        1.288572072982788,
        0.9692652225494385,
        0.8497331142425537,
        0.8527429103851318,
        0.8496239185333252
      ],
      "iterations": 5,
      "errors": 0
    }
  ],
  "Query 1 GEMINI (PG)": [
    {
      "query_name": "Query 1 GEMINI (PG)",
      "engine": "postgres",
      "status": "success",
      "mean": 0.5282290935516357,
      "std": 0.019876711078833167,
      "min": 0.5175869464874268,
      "max": 0.5679717063903809,
      "median": 0.5185387134552002,
      "times": [
        0.5679717063903809,
        0.5189759731292725,
        0.5180721282958984,
        0.5185387134552002,
        0.5175869464874268
      ],
      "iterations": 5,
      "errors": 0
    }
  ],
  "Query 2 GEMINI (PG)": [
    {
      "query_name": "Query 2 GEMINI (PG)",
      "engine": "postgres",
      "status": "success",
      "mean": 0.9186733722686767,
      "std": 0.09668800542056846,
      "min": 0.8534078598022461,
      "max": 1.1043570041656494,
      "median": 0.8576860427856445,
      "times": [
        1.1043570041656494,
        0.924450159072876,
        0.8576860427856445,
        0.8534078598022461,
        0.8534657955169678
      ],
      "iterations": 5,
      "errors": 0
    }
  ],
  "Query 1 CLAUDE (PG)": [
    {
      "query_name": "Query 1 CLAUDE (PG)",
      "engine": "postgres",
      "status": "success",
      "mean": 0.5282839775085449,
      "std": 0.020414693772606386,
      "min": 0.5170812606811523,
      "max": 0.5690748691558838,
      "median": 0.5186192989349365,
      "times": [
        0.5690748691558838,
        0.5171992778778076,
        0.5170812606811523,
        0.5194451808929443,
        0.5186192989349365
      ],
      "iterations": 5,
      "errors": 0
    }
  ],
  "Query 2 CLAUDE (PG)": [
    {
      "query_name": "Query 2 CLAUDE (PG)",
      "engine": "postgres",
      "status": "success",
      "mean": 1.0723232746124267,
      "std": 0.017334366896048527,
      "min": 1.0562560558319092,
      "max": 1.106003999710083,
      "median": 1.065507173538208,
      "times": [
        1.106003999710083,
        1.0653271675109863,
        1.0562560558319092,
        1.0685219764709473,
        1.065507173538208
      ],
      "iterations": 5,
      "errors": 0
    }
  ],
  "Query 1 GPT-5 (Spark)": [
    {
      "query_name": "Query 1 GPT-5 (Spark)",
      "engine": "spark",
      "status": "success",
      "mean": 0.7290051937103271,
      "std": 0.22796450185952472,
      "min": 0.515059232711792,
      "max": 1.1549551486968994,
      "median": 0.6599118709564209,
      "times": [
        1.1549551486968994,
        0.7514839172363281,
        0.6599118709564209,
        0.515059232711792,
        0.5636157989501953
      ],
      "iterations": 5,
      "errors": 0
    }
  ],
  "Query 2 GPT-5 (Spark)": [
    {
      "query_name": "Query 2 GPT-5 (Spark)",
      "engine": "spark",
      "status": "success",
      "mean": 3.134353494644165,
      "std": 0.3088191937483747,
      "min": 2.799522876739502,
      "max": 3.583747148513794,
      "median": 2.9683620929718018,
      "times": [
        3.4188191890716553,
        2.799522876739502,
        3.583747148513794,
        2.9013161659240723,
        2.9683620929718018
      ],
      "iterations": 5,
      "errors": 0
    }
  ],
  "Query 1 GEMINI (Spark)": [
    {
      "query_name": "Query 1 GEMINI (Spark)",
      "engine": "spark",
      "status": "success",
      "mean": 0.6186599254608154,
      "std": 0.09522287376899446,
      "min": 0.5532426834106445,
      "max": 0.79899001121521,
      "median": 0.5548520088195801,
      "times": [
        0.79899001121521,
        0.6328649520874023,
        0.5548520088195801,
        0.5533499717712402,
        0.5532426834106445
      ],
      "iterations": 5,
      "errors": 0
    }
  ],
  "Query 2 GEMINI (Spark)": [
    {
      "query_name": "Query 2 GEMINI (Spark)",
      "engine": "spark",
      "status": "success",
      "mean": 2.499267816543579,
      "std": 0.19645642808252287,
      "min": 2.3405649662017822,
      "max": 2.875624418258667,
      "median": 2.4235949516296387,
      "times": [
        2.875624418258667,
        2.4235949516296387,
        2.3405649662017822,
        2.5001769065856934,
        2.3563778400421143
      ],
      "iterations": 5,
      "errors": 0
    }
  ],
  "Query 1 CLAUDE (Spark)": [
    {
      "query_name": "Query 1 CLAUDE (Spark)",
      "engine": "spark",
      "status": "success",
      "mean": 0.5609128475189209,
      "std": 0.148737614585984,
      "min": 0.4094381332397461,
      "max": 0.8070862293243408,
      "median": 0.5311832427978516,
      "times": [
        0.8070862293243408,
        0.6381418704986572,
        0.4187147617340088,
        0.5311832427978516,
        0.4094381332397461
      ],
      "iterations": 5,
      "errors": 0
    }
  ],
  "Query 2 CLAUDE (Spark)": [
    {
      "query_name": "Query 2 CLAUDE (Spark)",
      "engine": "spark",
      "status": "success",
      "mean": 1.4547811508178712,
      "std": 0.2836123727572085,
      "min": 1.0932650566101074,
      "max": 1.8979721069335938,